{
    "lpips": 0.84765625,
    "dreamsim": 0.8072584867477417,
    "fid": 375.5267333984375,
    "dreamsim_model_perceptual_loss": 0.8147380948066711
}