{
    "lpips": 0.84765625,
    "dreamsim": 0.810886025428772,
    "fid": 372.9515380859375,
    "dreamsim_model_perceptual_loss": 0.8139302730560303
}